﻿Designator,Quantity,Value,Footprint,Package,MPN,DNP,Mount_Type,Description,Height,Mouser Part Number,Mouser Price/Stock,Manufacturer_Name,MANUFACTURER,PARTREV,STANDARD,SNAPEDA_PN,MAXIMUM_PACKAGE_HEIGHT,Category,Family,DK_Datasheet_Link,DK_Detail_Page,Manufacturer,Status
"3V3, GND, SWCLK, SWDIO",4,TestPoint_Pad_D1.5mm,TestPoint_Pad_D1.5mm,,,,tht,,,,,,,,,,,,,,,,
"C1, C2, C3, C5",4,"100nF,24V+",C_0402_1005Metric,,,,smt,Unpolarized capacitor,,,,,,,,,,,,,,,
"C10, C12",2,1uF,C_0603_1608Metric,,,,smt,Unpolarized capacitor,,,,,,,,,,,,,,,
"C11, C9",2,10uF,C_0603_1608Metric,,,,smt,Unpolarized capacitor,,,,,,,,,,,,,,,
C13,1,"10uF,10V+",C_0402_1005Metric,,,,smt,Unpolarized capacitor,,,,,,,,,,,,,,,
C4,1,"1uF,60V+",C_0805_2012Metric,,,,smt,Unpolarized capacitor,,,,,,,,,,,,,,,
"C6, C7",2,22pF,C_0402_1005Metric,,,,smt,Unpolarized capacitor,,,,,,,,,,,,,,,
C8,1,1pF,C_0402_1005Metric,,,,smt,Unpolarized capacitor,,,,,,,,,,,,,,,
"D1, D2",2,D_Schottky,D_1206_3216Metric,,,,smt,Schottky diode,,,,,,,,,,,,,,,
D4,1,LED,LED_0805_2012Metric,,,,smt,Light emitting diode,,,,,,,,,,,,,,,
IC1,1,MAX3323EEPE+,TSSOP-16_4.4x5mm_P0.65mm,,MAX3323EEPE+,,smt,"RS-232 Interface IC +/-15kV ESD-Protected, RS-232 Transceivers for Multidrop Applications",4.572,700-MAX3323EEPE,https://www.mouser.co.uk/ProductDetail/Analog-Devices-Maxim-Integrated/MAX3323EEPE%2b?qs=CDqwynd4ZNoRwc1iI5RFww%3D%3D,Analog Devices,,,,,,,,,,,
IC2,1,AP7375-33SA-7,SOT96P240X110-3N,,AP7375-33SA-7,,smt,LDO Voltage Regulators LDO CMOS LowCurr SOT23 T&R 3K,1.1,621-AP7375-33SA-7,https://www.mouser.co.uk/ProductDetail/Diodes-Incorporated/AP7375-33SA-7?qs=t7xnP681wgUi6c6GDTa82w%3D%3D,Diodes Incorporated,,,,,,,,,,,
J1,1,530480510,Molex_PicoBlade_53048-0510_1x05_P1.25mm_Horizontal,,,,tht,,,,,,,,,,,,,,,,
J13,1,FH34SRJ-16S-0.5SH_50_,HRS_FH34SRJ-16S-0.5SH_50_,,,,smt,,,,,,HRS,,,,,,,,,,
J2,1,530480410,Molex_PicoBlade_53048-0410_1x04_P1.25mm_Horizontal,,,,tht,,,,,,,,,,,,,,,,
J3,1,USB4085-GF-A_REVB,CONN16_USB4085-GF-A_GCT,,,,tht,,,,,,Global Connector Technology,B,Manufacturer Recommendations,USB4085-GF-A,3.16mm,,,,,,
"R1, R2, R6",3,5K1,R_0603_1608Metric,,,,smt,Resistor,,,,,,,,,,,,,,,
R3,1,4K7,R_0603_1608Metric,,,,smt,Resistor,,,,,,,,,,,,,,,
R5,1,3K3,R_0603_1608Metric,,,,smt,Resistor,,,,,,,,,,,,,,,
R7,1,680K,R_0603_1608Metric,,,,smt,Resistor,,,,,,,,,,,,,,,
R8,1,65,R_0603_1608Metric,,,,smt,Resistor,,,,,,,,,,,,,,,
RESET1,1,B3U-1000P,SW_SPST_B3U-1000P,,B3U-1000P,,smt,SWITCH TACTILE SPST-NO 0.05A 12V,,,,,,,,,,Switches,Tactile Switches,https://omronfs.omron.com/en_US/ecb/products/pdf/en-b3u.pdf,/product-detail/en/omron-electronics-inc-emc-div/B3U-1000P/SW1020CT-ND/1534357,Omron Electronics Inc-EMC Div,Active
"S1, S2",2,FSM12JH,FSM4JH,,FSM10JH,,tht,"6x6mm tactile switch,7.3mm H 1.6N White Button Tactile Switch, SPST 50 mA@ 24 V dc 3.7mm",,506-FSM10JH,https://www.mouser.co.uk/ProductDetail/TE-Connectivity-PB/FSM10JH?qs=g%252BEszo6zu8Mx34MmAD%2FJ0A%3D%3D,TE Connectivity,,,,,,,,,,,
U2,1,ADR02AUJZ-REEL7,TSOT-23-5,,,,smt,,,,,,,,,,,,,,,,
U3,1,ATSAMD21G18A-AUT,TQFP-48_7x7mm_P0.5mm,,ATSAMD21G18A-AUT,,smt,IC MCU 32BIT 256KB FLASH 48TQFP,,,,,,,,,,Integrated Circuits (ICs),Embedded - Microcontrollers,http://www.microchip.com/mymicrochip/filehandler.aspx?ddocname=en605782,/product-detail/en/microchip-technology/ATSAMD21G18A-AUT/ATSAMD21G18A-AUTCT-ND/4878879,Microchip Technology,Active
Y1,1,"32.768, 12.5pF",Crystal_SMD_3215-2Pin_3.2x1.5mm,,,,smt,"Two pin crystal, small symbol",,,,,,,,,,,,,,,
