﻿pos_x,pos_y,rotation,side,designator,mpn,pack,footprint,value,mount_type,place
101.497339,-82.582242,0.0,bottom,3V3,,,TestPoint_Pad_D1.5mm,TestPoint_Pad_D1.5mm,tht,False
101.5,-88.0,0.0,top,C1,,,C_0402_1005Metric,"100nF,24V+",smt,True
112.707961,-71.532165,-90.0,top,C10,,,C_0603_1608Metric,1uF,smt,True
100.0,-66.809698,90.0,top,C11,,,C_0603_1608Metric,10uF,smt,True
112.707961,-68.453924,90.0,top,C12,,,C_0603_1608Metric,1uF,smt,True
100.350501,-100.0,180.0,top,C13,,,C_0402_1005Metric,"10uF,10V+",smt,True
99.799331,-90.769501,-90.0,top,C2,,,C_0402_1005Metric,"100nF,24V+",smt,True
99.799331,-88.765613,90.0,top,C3,,,C_0402_1005Metric,"100nF,24V+",smt,True
101.009902,-97.937393,180.0,top,C4,,,C_0805_2012Metric,"1uF,60V+",smt,True
99.812515,-92.773917,-90.0,top,C5,,,C_0402_1005Metric,"100nF,24V+",smt,True
110.0,-74.5,-90.0,top,C6,,,C_0402_1005Metric,22pF,smt,True
113.632272,-76.0,-90.0,top,C7,,,C_0402_1005Metric,22pF,smt,True
111.187459,-80.110436,-90.0,top,C8,,,C_0402_1005Metric,1pF,smt,True
101.559201,-74.194216,90.0,top,C9,,,C_0603_1608Metric,10uF,smt,True
100.295551,-95.766866,0.0,top,D1,,,D_1206_3216Metric,D_Schottky,smt,True
96.5,-94.75,90.0,top,D2,,,D_1206_3216Metric,D_Schottky,smt,True
100.164159,-70.058038,-90.0,top,D4,,,LED_0805_2012Metric,LED,smt,True
101.484155,-85.153019,0.0,bottom,GND,,,TestPoint_Pad_D1.5mm,TestPoint_Pad_D1.5mm,tht,False
104.25,-91.25,0.0,top,IC1,MAX3323EEPE+,,TSSOP-16_4.4x5mm_P0.65mm,MAX3323EEPE+,smt,True
97.5,-99.0,90.0,top,IC2,AP7375-33SA-7,,SOT96P240X110-3N,AP7375-33SA-7,smt,True
123.5,-99.5,180.0,top,J1,,,Molex_PicoBlade_53048-0510_1x05_P1.25mm_Horizontal,530480510,tht,True
106.509505,-70.406454,180.0,top,J13,,,HRS_FH34SRJ-16S-0.5SH_50_,FH34SRJ-16S-0.5SH_50_,smt,True
93.375,-99.5,180.0,top,J2,,,Molex_PicoBlade_53048-0410_1x04_P1.25mm_Horizontal,530480410,tht,True
108.164444,-95.582435,0.0,top,J3,,,CONN16_USB4085-GF-A_GCT,USB4085-GF-A_REVB,tht,True
109.5,-92.75,-90.0,top,R1,,,R_0603_1608Metric,5K1,smt,True
112.25,-92.75,-90.0,top,R2,,,R_0603_1608Metric,5K1,smt,True
112.693561,-83.113256,90.0,top,R3,,,R_0603_1608Metric,4K7,smt,True
113.0,-80.0,90.0,top,R5,,,R_0603_1608Metric,3K3,smt,True
110.0,-66.0,180.0,top,R6,,,R_0603_1608Metric,5K1,smt,True
103.0,-66.0,0.0,top,R7,,,R_0603_1608Metric,680K,smt,True
99.968363,-73.337611,90.0,top,R8,,,R_0603_1608Metric,65,smt,True
104.343656,-98.41611,90.0,top,RESET1,B3U-1000P,,SW_SPST_B3U-1000P,B3U-1000P,smt,True
94.0,-70.0,0.0,top,S1,FSM10JH,,FSM4JH,FSM12JH,tht,True
119.0,-70.0,0.0,top,S2,FSM10JH,,FSM4JH,FSM12JH,tht,True
101.523706,-77.519788,0.0,bottom,SWCLK,,,TestPoint_Pad_D1.5mm,TestPoint_Pad_D1.5mm,tht,False
101.497339,-80.037831,0.0,bottom,SWDIO,,,TestPoint_Pad_D1.5mm,TestPoint_Pad_D1.5mm,tht,False
114.75,-92.25,90.0,top,U2,,,TSOT-23-5,ADR02AUJZ-REEL7,smt,True
105.5,-79.5,-90.0,top,U3,ATSAMD21G18A-AUT,,TQFP-48_7x7mm_P0.5mm,ATSAMD21G18A-AUT,smt,True
111.9125,-75.25,-90.0,top,Y1,,,Crystal_SMD_3215-2Pin_3.2x1.5mm,"32.768, 12.5pF",smt,True
