﻿pos_x,pos_y,rotation,side,designator,mpn,pack,footprint,value,mount_type,place
117.675001,-91.2625,90.0,bottom,C1,CL05B104KA5NNNC,,C_0402_1005Metric,"100nF,25V  ",smt,True
111.05,-76.5,180.0,bottom,C10,CL10B105KP8NNNC,,C_0603_1608Metric,1uF,smt,True
100.475,-70.1,90.0,bottom,C11,CL10A106KQ8NNNL,,C_0603_1608Metric,10uF,smt,True
112.375,-74.175,90.0,bottom,C12,CL10B105KP8NNNC,,C_0603_1608Metric,1uF,smt,True
122.7,-86.425,-90.0,bottom,C13,C2012X7R2A225K125AC,,C_0805_2012Metric,"2.2uF,50V+",smt,True
118.3,-88.875,180.0,bottom,C14,CL05C010CB5NNNC,,C_0402_1005Metric,10uF,smt,True
117.825,-85.5,90.0,bottom,C15,CL05C010CB5NNNC,,C_0402_1005Metric,100nF,smt,True
104.8,-82.125,180.0,top,C16,CL05C010CB5NNNC,,C_0402_1005Metric,10uF,smt,True
104.8,-81.175,180.0,top,C17,CL05C010CB5NNNC,,C_0402_1005Metric,100nF,smt,True
117.825,-87.35,90.0,bottom,C18,GRM158R61A226ME15D,,C_0402_1005Metric,"22uF,10V+",smt,True
100.55,-83.125,180.0,bottom,C19,CL05C010CB5NNNC,,C_0402_1005Metric,4.7uF,smt,True
114.675,-92.7625,180.0,bottom,C2,CL05B104KA5NNNC,,C_0402_1005Metric,"100nF,25V  ",smt,True
99.595073,-85.249035,180.0,bottom,C20,CL05C010CB5NNNC,,C_0402_1005Metric,100nF,smt,True
100.25,-84.2,180.0,bottom,C21,CL05C010CB5NNNC,,C_0402_1005Metric,100nF,smt,True
92.5,-92.6,180.0,bottom,C22,GRM158R61A226ME15D,,C_0402_1005Metric,".1uF, 10v+",smt,True
95.3,-93.025,180.0,bottom,C23,C2012X7R2A225K125AC,,C_0805_2012Metric,".1uF, 50V",smt,True
96.3,-86.5,-90.0,bottom,C24,GRM158R61A226ME15D,,C_0402_1005Metric,".1uF, 10v+",smt,True
97.81,-90.925,180.0,bottom,C25,C2012X7R2A225K125AC,,C_0805_2012Metric,".1uF, 50V",smt,True
116.575,-92.7625,0.0,bottom,C3,CL05B104KA5NNNC,,C_0402_1005Metric,"100nF,25V  ",smt,True
112.775,-92.7625,180.0,bottom,C4,CL05B104KA5NNNC,,C_0402_1005Metric,"100nF,25V  ",smt,True
103.05,-86.45,90.0,bottom,C5,CL05C220JB51PNC,,C_0402_1005Metric,22pF,smt,True
101.65,-86.975,180.0,bottom,C6,CL05C220JB51PNC,,C_0402_1005Metric,22pF,smt,True
110.875,-86.5,-90.0,bottom,C7,CL05C010CB5NNNC,,C_0402_1005Metric,100nF,smt,True
105.95,-88.125,180.0,bottom,C8,CL05C010CB5NNNC,,C_0402_1005Metric,1pF,smt,True
100.6,-73.075,-90.0,bottom,C9,CL10A106KQ8NNNL,,C_0603_1608Metric,10uF,smt,True
100.2,-68.95,-90.0,top,D1,B1701URO-20D000114U1930,,LED_0805_2012Metric,LED,smt,True
119.075,-93.15,-90.0,bottom,D2,SD1206S100S1R0,,D_1206_3216Metric,D_Schottky,smt,True
121.05,-93.15,90.0,bottom,D3,SD1206S100S1R0,,D_1206_3216Metric,D_Schottky,smt,True
90.2,-92.6,90.0,top,J1,530480510,,Molex_PicoBlade_53048-0510_1x05_P1.25mm_Horizontal,530480510,tht,True
122.8,-89.025,-90.0,top,J2,530480410,,Molex_PicoBlade_53048-0410_1x04_P1.25mm_Horizontal,530480410,tht,True
103.714444,-90.032435,0.0,top,J3,USB4085-GF-A,,CONN16_USB4085-GF-A_GCT,USB4085-GF-A_REVB,tht,True
106.45,-73.7125,0.0,bottom,J4,FH34SRJ-16S-0.5SH(50),,HRS_FH34SRJ-16S-0.5SH_50_,FH34SRJ-16S-0.5SH_50_,smt,True
100.6,-81.25,90.0,top,L1,BLM18HE152SN1D,,0603,BLM15AX601SN1D,smt,True
104.625,-79.975,0.0,top,L2,BLM18HE152SN1D,,0603,BLM15AX601SN1D,smt,True
104.9,-89.15,0.0,bottom,R1,ERJ-1GNF5101C,,R_0201_0603Metric,5K1,smt,True
107.5,-92.25,0.0,bottom,R2,ERJ-1GNF5101C,,R_0201_0603Metric,5K1,smt,True
99.575,-71.8,90.0,bottom,R3,ERJ-1GNF64R9C,,R_0201_0603Metric,65,smt,True
102.7,-88.25,0.0,bottom,R4,ERJ-1GNF4701C,,R_0201_0603Metric,5K6,smt,True
104.3,-88.15,0.0,bottom,R5,ERJ-1GNF3301C,,R_0201_0603Metric,3K3,smt,True
105.725,-87.35,0.0,bottom,R6,ERJ-1GNF3301C,,R_0201_0603Metric,1K,smt,True
112.45,-71.775,180.0,bottom,R7,ERJ-1GNF5101C,,R_0201_0603Metric,5K1,smt,True
100.796373,-76.863584,-90.0,bottom,R8,ERJ-1GNF6803C,,R_0201_0603Metric,680K,smt,True
90.695,-71.45,0.0,top,S1,TL6100DF300QP,,TL6100DF160QP,TL6100DF300QP,tht,True
114.895,-71.45,0.0,top,S2,TL6100DF300QP,,TL6100DF160QP,TL6100DF300QP,tht,True
99.425,-94.325,180.0,top,S3,B3U-3000P,,SW_SPST_B3U-3000P,B3U-3000P,smt,True
106.6,-79.85,0.0,top,TP1,,,TestPoint_Pad_1.0x1.0mm,3V3,tht,True
108.6,-79.85,0.0,top,TP2,,,TestPoint_Pad_1.0x1.0mm,GND,tht,True
106.6,-83.85,0.0,top,TP3,,,TestPoint_Pad_1.0x1.0mm,SCK,tht,True
106.6,-81.85,0.0,top,TP4,,,TestPoint_Pad_1.0x1.0mm,SWDIO,tht,True
106.6,-81.8,0.0,bottom,U1,ATSAMD21G18A-AUT,,TQFP-48_7x7mm_P0.5mm,ATSAMD21G18A-AUT,smt,True
93.95,-90.3,180.0,bottom,U2,ADR02AUJZ-REEL7,,TSOT-23-5,ADR02AUJZ-REEL7,smt,True
98.5,-88.05,90.0,bottom,U3,ADR06BUJZ-REEL7,,TSOT-23-5,ADR06BUJZ-REEL7,smt,True
114.475,-88.4125,90.0,bottom,U4,MAX3323EEUE+T,,TSSOP-16_4.4x5mm_P0.65mm,MAX3323EEUE+T,smt,True
120.125,-86.425,90.0,bottom,U5,AP7375-33SA-7,,SOT96P240X110-3N,AP7375-33SA-7,smt,True
101.625,-85.825,0.0,bottom,Y1,ECS-.327-12.5-1210-TR,,XTAL_ECS-.327-12.5-1210-TR,ECS-.327-12.5-1210-TR,smt,True
