﻿pos_x,pos_y,rotation,side,designator,mpn,pack,footprint,value,mount_type,place
128.794411,-79.25,90.0,bottom,3V3,,,TestPoint_Pad_D1.5mm,TestPoint_Pad_D1.5mm,tht,False
116.75,-90.3625,90.0,bottom,C1,CL05B104KA5NNNC,,C_0402_1005Metric,"100nF,24V+",smt,True
112.5,-68.0,90.0,bottom,C10,CL10B105KP8NNNC,,C_0603_1608Metric,1uF,smt,True
100.5,-66.75,90.0,bottom,C11,CL10A106KQ8NNNL,,C_0603_1608Metric,10uF,smt,True
112.5,-71.0,-90.0,bottom,C12,CL10B105KP8NNNC,,C_0603_1608Metric,1uF,smt,True
116.75,-84.75,90.0,bottom,C13,CL05A106MP6NUN8,,C_0402_1005Metric,"10uF,10V+",smt,True
113.75,-91.8625,180.0,bottom,C2,CL05B104KA5NNNC,,C_0402_1005Metric,"100nF,24V+",smt,True
115.75,-91.8625,0.0,bottom,C3,CL05B104KA5NNNC,,C_0402_1005Metric,"100nF,24V+",smt,True
119.25,-87.75,180.0,bottom,C4,GRM21BC72A105KE01L,,C_0805_2012Metric,"1uF,60V+",smt,True
111.75,-91.8625,180.0,bottom,C5,CL05B104KA5NNNC,,C_0402_1005Metric,"100nF,24V+",smt,True
112.272649,-73.157284,0.0,bottom,C6,CL05C220JB51PNC,,C_0402_1005Metric,22pF,smt,True
108.77,-73.25,180.0,bottom,C7,CL05C220JB51PNC,,C_0402_1005Metric,22pF,smt,True
104.5,-79.25,-90.0,top,C8,CL05C010CB5NNNC,,C_0402_1005Metric,1pF,smt,True
99.0,-66.75,-90.0,bottom,C9,CL10A106KQ8NNNL,,C_0603_1608Metric,10uF,smt,True
119.25,-91.5,-90.0,bottom,D1,SD1206S100S1R0,,D_1206_3216Metric,D_Schottky,smt,True
121.75,-92.0,-90.0,bottom,D2,SD1206S100S1R0,,D_1206_3216Metric,D_Schottky,smt,True
100.164159,-70.058038,-90.0,top,D4,B1701URO-20D000114U1930,,LED_0805_2012Metric,LED,smt,True
131.365188,-79.263184,90.0,bottom,G,,,TestPoint_Pad_D1.5mm,TestPoint_Pad_D1.5mm,tht,False
113.5,-87.3625,90.0,bottom,IC1,MAX3323EEUE+T,,TSSOP-16_4.4x5mm_P0.65mm,MAX3323EEUE+T,smt,True
119.25,-85.0,0.0,bottom,IC2,AP7375-33SA-7,,SOT96P240X110-3N,AP7375-33SA-7,smt,True
90.718134,-90.25,90.0,top,J1,530480510,,Molex_PicoBlade_53048-0510_1x05_P1.25mm_Horizontal,530480510,tht,True
106.5,-70.406454,180.0,top,J13,FH34SRJ-16S-0.5SH(50),,HRS_FH34SRJ-16S-0.5SH_50_,FH34SRJ-16S-0.5SH_50_,smt,True
122.25,-85.25,-90.0,top,J2,530480410,,Molex_PicoBlade_53048-0410_1x04_P1.25mm_Horizontal,530480410,tht,True
102.664444,-88.135,0.0,top,J3,USB4085-GF-A,,CONN16_USB4085-GF-A_GCT,USB4085-GF-A_REVB,tht,True
100.25,-89.5,90.0,bottom,R1,ESR03EZPJ512,,R_0201_0603Metric,5K1,smt,True
105.622931,-90.485,0.0,bottom,R2,ESR03EZPJ512,,R_0201_0603Metric,5K1,smt,True
101.0,-79.0,90.0,bottom,R3,RC0603FR-074K7L,,R_0201_0603Metric,4K7,smt,True
101.0,-77.43,90.0,bottom,R5,RC0603FR-073K3L,,R_0201_0603Metric,3K3,smt,True
112.5,-66.0,0.0,bottom,R6,ESR03EZPJ512,,R_0201_0603Metric,5K1,smt,True
103.25,-73.25,180.0,bottom,R7,RC0603JR-07680KL,,R_0201_0603Metric,680K,smt,True
101.25,-73.5,90.0,bottom,R8,RC0603FR-0764R9L,,R_0201_0603Metric,65,smt,True
96.5,-92.5,0.0,bottom,RESET1,B3U-1000P,,SW_SPST_B3U-3000P,B3U-1000P,smt,True
94.0,-70.0,0.0,top,S1,1-1825910-4,,FSM4JH,FSM12JH,tht,True
119.0,-70.0,0.0,top,S2,1-1825910-4,,FSM4JH,FSM12JH,tht,True
123.731957,-79.223633,90.0,bottom,SWCLK,,,TestPoint_Pad_D1.5mm,TestPoint_Pad_D1.5mm,tht,False
126.25,-79.25,90.0,bottom,SWDIO,,,TestPoint_Pad_D1.5mm,TestPoint_Pad_D1.5mm,tht,False
94.5,-88.75,90.0,bottom,U2,ADR02AUJZ-REEL7,,TSOT-23-5,ADR02AUJZ-REEL7,smt,True
106.75,-79.0,-90.0,bottom,U3,ATSAMD21G18A-AUT,,TQFP-48_7x7mm_P0.5mm,ATSAMD21G18A-AUT,smt,True
110.5,-74.25,-90.0,bottom,Y1,,,XTAL_ECS-.327-12.5-1210-TR,ECS-.327-12.5-1210-TR,smt,True
